"id","name","position","team","consensusStandard","consensusHalfPpr","consensusPpr"
"bijan-robinson","Bijan Robinson","RB","ATL","1","1","3"
"jahmyr-gibbs","Jahmyr Gibbs","RB","DET","3","2","5"
"puka-nacua","Puka Nacua","WR","LAR","2","3","2"
"ja-marr-chase","Ja'Marr Chase","WR","CIN","4","4","1"
"jaxon-smith-njigba","Jaxon Smith-Njigba","WR","SEA","5","5","4"
"christian-mccaffrey","Christian McCaffrey","RB","SF","7","6","8"
"ceedee-lamb","CeeDee Lamb","WR","DAL","9","7","6"
"amon-ra-st-brown","Amon-Ra St. Brown","WR","DET","8","8","7"
"jonathan-taylor","Jonathan Taylor","RB","IND","6","9","10"
"james-cook-iii","James Cook III","RB","BUF","10","10","17"
"devon-achane","De'Von Achane","RB","MIA","14","11","14"
"drake-london","Drake London","WR","ATL","12","12","11"
"justin-jefferson","Justin Jefferson","WR","MIN","16","13","9"
"ashton-jeanty","Ashton Jeanty","RB","LV","19","14","22"
"malik-nabers","Malik Nabers","WR","NYG","11","15","12"
"omarion-hampton","Omarion Hampton","RB","LAC","20","16","23"
"trey-mcbride","Trey McBride","TE","ARI","25","17","18"
"nico-collins","Nico Collins","WR","HOU","13","18","13"
"consensus-jeremiyah-love-rb-fa","Jeremiyah Love","RB","FA","18","",""
"chase-brown","Chase Brown","RB","CIN","31","19","25"
"george-pickens","George Pickens","WR","DAL","17","20","15"
"brock-bowers","Brock Bowers","TE","LV","15","21","19"
"saquon-barkley","Saquon Barkley","RB","PHI","23","22","29"
"consensus-jeremiyah-love-rb-fa-2","Jeremiyah Love","RB","FA","","23",""
"chris-olave","Chris Olave","WR","NO","22","24","16"
"kenneth-walker-iii","Kenneth Walker III","RB","KC","30","25","32"
"josh-allen","Josh Allen","QB","BUF","24","26","24"
"rashee-rice","Rashee Rice","WR","KC","29","27","21"
"a-j-brown","A.J. Brown","WR","PHI","28","28","20"
"derrick-henry","Derrick Henry","RB","BAL","21","29","41"
"josh-jacobs","Josh Jacobs","RB","GB","33","30","33"
"tee-higgins","Tee Higgins","WR","CIN","26","31","27"
"tetairoa-mcmillan","Tetairoa McMillan","WR","CAR","34","32","26"
"lamar-jackson","Lamar Jackson","QB","BAL","27","33","28"
"garrett-wilson","Garrett Wilson","WR","NYJ","38","34","30"
"bucky-irving","Bucky Irving","RB","TB","40","35","37"
"drake-maye","Drake Maye","QB","NE","32","36","31"
"consensus-jeremiyah-love-rb-fa-3","Jeremiyah Love","RB","FA","","","36"
"breece-hall","Breece Hall","RB","NYJ","39","37","42"
"davante-adams","Davante Adams","WR","LAR","35","38","39"
"kyren-williams","Kyren Williams","RB","LAR","41","39","49"
"colston-loveland","Colston Loveland","TE","CHI","46","40","47"
"javonte-williams","Javonte Williams","RB","DAL","44","41","50"
"zay-flowers","Zay Flowers","WR","BAL","42","42","35"
"joe-burrow","Joe Burrow","QB","CIN","36","43","38"
"travis-etienne-jr","Travis Etienne Jr.","RB","NO","45","44","51"
"ladd-mcconkey","Ladd McConkey","WR","LAC","51","45","34"
"jameson-williams","Jameson Williams","WR","DET","43","46","46"
"consensus-carnell-tate-wr-fa","Carnell Tate","WR","FA","47","",""
"devonta-smith","DeVonta Smith","WR","PHI","55","47","40"
"terry-mclaurin","Terry McLaurin","WR","WAS","48","48","45"
"luther-burden-iii","Luther Burden III","WR","CHI","56","49","43"
"jaylen-waddle","Jaylen Waddle","WR","MIA","49","50","44"
"consensus-christian-watson-wr-gb","Christian Watson","WR","GB","50","",""
"treveyon-henderson","TreVeyon Henderson","RB","NE","54","51","59"
"mike-evans","Mike Evans","WR","SF","61","52","48"
"consensus-jordyn-tyson-wr-fa","Jordyn Tyson","WR","FA","53","",""
"cam-skattebo","Cam Skattebo","RB","NYG","60","53","58"
"consensus-christian-watson-wr-gb-2","Christian Watson","WR","GB","","54",""
"jayden-daniels","Jayden Daniels","QB","WAS","52","55","52"
"consensus-christian-watson-wr-gb-3","Christian Watson","WR","GB","","","55"
"emeka-egbuka","Emeka Egbuka","WR","TB","62","56","53"
"consensus-makai-lemon-wr-fa","Makai Lemon","WR","FA","57","",""
"quinshon-judkins","Quinshon Judkins","RB","CLE","59","57","63"
"d-andre-swift","D'Andre Swift","RB","CHI","63","58","67"
"jalen-hurts","Jalen Hurts","QB","PHI","58","59","57"
"rj-harvey","RJ Harvey","RB","DEN","66","60","60"
"courtland-sutton","Courtland Sutton","WR","DEN","70","61","54"
"consensus-harold-fannin-te-cle-3","Harold Fannin Jr.","TE","CLE","","","61"
"tucker-kraft","Tucker Kraft","TE","GB","37","62","70"
"david-montgomery","David Montgomery","RB","HOU","65","63","72"
"tyler-warren","Tyler Warren","TE","IND","68","64","56"
"rome-odunze","Rome Odunze","WR","CHI","64","65","62"
"jaylen-warren","Jaylen Warren","RB","PIT","71","66","71"
"consensus-harold-fannin-te-cle-2","Harold Fannin Jr.","TE","CLE","","67",""
"jaxson-dart","Jaxson Dart","QB","NYG","67","68","65"
"consensus-carnell-tate-wr-fa-2","Carnell Tate","WR","FA","","69",""
"bhayshul-tuten","Bhayshul Tuten","RB","JAX","69","70","84"
"dk-metcalf","DK Metcalf","WR","PIT","74","71","66"
"justin-herbert","Justin Herbert","QB","LAC","73","72","73"
"kyle-monangai","Kyle Monangai","RB","CHI","72","73","80"
"rhamondre-stevenson","Rhamondre Stevenson","RB","NE","82","74","86"
"rico-dowdle","Rico Dowdle","RB","PIT","80","75","78"
"caleb-williams","Caleb Williams","QB","CHI","78","76","75"
"consensus-harold-fannin-te-cle","Harold Fannin Jr.","TE","CLE","77","",""
"consensus-jordyn-tyson-wr-fa-2","Jordyn Tyson","WR","FA","","77",""
"trevor-lawrence","Trevor Lawrence","QB","JAX","81","78","79"
"marvin-harrison-jr","Marvin Harrison Jr.","WR","ARI","83","79","77"
"dj-moore","DJ Moore","WR","BUF","79","80","76"
"sam-laporta","Sam LaPorta","TE","DET","84","81","85"
"consensus-makai-lemon-wr-fa-2","Makai Lemon","WR","FA","","82",""
"michael-wilson","Michael Wilson","WR","ARI","86","83","81"
"chris-godwin","Chris Godwin","WR","TB","96","84","69"
"kyle-pitts-sr","Kyle Pitts Sr.","TE","ATL","87","85","87"
"brian-thomas-jr","Brian Thomas Jr.","WR","JAX","89","86","74"
"alec-pierce","Alec Pierce","WR","IND","75","87","88"
"blake-corum","Blake Corum","RB","LAR","76","88","93"
"dak-prescott","Dak Prescott","QB","DAL","88","89","90"
"ricky-pearsall","Ricky Pearsall","WR","SF","99","90","68"
"consensus-k-c-concepcion-wr-fa","K.C. Concepcion","WR","FA","91","",""
"jakobi-meyers","Jakobi Meyers","WR","JAX","108","91","64"
"tony-pollard","Tony Pollard","RB","TEN","85","92","89"
"brock-purdy","Brock Purdy","QB","SF","90","93","91"
"chuba-hubbard","Chuba Hubbard","RB","CAR","98","94","95"
"consensus-carnell-tate-wr-fa-3","Carnell Tate","WR","FA","","","94"
"michael-pittman-jr","Michael Pittman Jr.","WR","PIT","109","95","83"
"patrick-mahomes","Patrick Mahomes","QB","KC","95","96","96"
"dalton-kincaid","Dalton Kincaid","TE","BUF","92","97","100"
"wan-dale-robinson","Wan'Dale Robinson","WR","TEN","117","98","82"
"matthew-stafford","Matthew Stafford","QB","LAR","103","99","102"
"consensus-jordyn-tyson-wr-fa-3","Jordyn Tyson","WR","FA","","","99"
"tyler-allgeier","Tyler Allgeier","RB","ARI","94","100","119"
"consensus-jadarian-price-rb-fa","Jadarian Price","RB","FA","100","",""
"consensus-denzel-boston-wr-fa","Denzel Boston","WR","FA","101","",""
"consensus-oronde-gadsden-te-lac-2","Oronde Gadsden II","TE","LAC","","101",""
"jordan-addison","Jordan Addison","WR","MIN","97","102","97"
"stefon-diggs","Stefon Diggs","WR","NE","122","103","92"
"consensus-oronde-gadsden-te-lac-3","Oronde Gadsden II","TE","LAC","","","103"
"jacory-croskey-merritt","Jacory Croskey-Merritt","RB","WAS","93","104","127"
"consensus-oronde-gadsden-te-lac","Oronde Gadsden II","TE","LAC","104","",""
"aaron-jones-sr","Aaron Jones Sr.","RB","MIN","115","105","101"
"consensus-parker-washington-wr-jac-3","Parker Washington","WR","JAC","","","105"
"bo-nix","Bo Nix","QB","DEN","106","106","104"
"consensus-parker-washington-wr-jac-2","Parker Washington","WR","JAC","","107",""
"consensus-makai-lemon-wr-fa-3","Makai Lemon","WR","FA","","","107"
"j-k-dobbins","J.K. Dobbins","RB","DEN","105","108","125"
"jake-ferguson","Jake Ferguson","TE","DAL","118","109","106"
"quentin-johnston","Quentin Johnston","WR","LAC","107","110","110"
"consensus-parker-washington-wr-jac","Parker Washington","WR","JAC","110","",""
"james-conner","James Conner","RB","ARI","119","111","108"
"jared-goff","Jared Goff","QB","DET","114","112","112"
"jordan-love","Jordan Love","QB","GB","113","113","111"
"zach-charbonnet","Zach Charbonnet","RB","SEA","102","114","129"
"consensus-juwan-johnson-te-no-3","Juwan Johnson","TE","NO","","","114"
"consensus-jadarian-price-rb-fa-2","Jadarian Price","RB","FA","","115",""
"consensus-kenneth-gainwell-rb-tb-3","Kenneth Gainwell","RB","TB","","","115"
"woody-marks","Woody Marks","RB","HOU","112","116","123"
"consensus-emmett-johnson-rb-fa","Emmett Johnson","RB","FA","116","",""
"consensus-juwan-johnson-te-no-2","Juwan Johnson","TE","NO","","117",""
"consensus-kenneth-gainwell-rb-tb-2","Kenneth Gainwell","RB","TB","","118",""
"jauan-jennings","Jauan Jennings","WR","SF","120","119","113"
"brenton-strange","Brenton Strange","TE","JAX","121","120","116"
"consensus-tyler-shough-qb-no-3","Tyler Shough","QB","NO","","","120"
"khalil-shakir","Khalil Shakir","WR","BUF","135","121","98"
"george-kittle","George Kittle","TE","SF","132","122","138"
"consensus-malik-willis-qb-mia-3","Malik Willis","QB","MIA","","","122"
"jayden-higgins","Jayden Higgins","WR","HOU","127","123","121"
"baker-mayfield","Baker Mayfield","QB","TB","124","124","117"
"consensus-juwan-johnson-te-no","Juwan Johnson","TE","NO","125","",""
"alvin-kamara","Alvin Kamara","RB","NO","130","125","109"
"consensus-tyler-shough-qb-no","Tyler Shough","QB","NO","126","",""
"consensus-tyler-shough-qb-no-2","Tyler Shough","QB","NO","","126",""
"consensus-emmett-johnson-rb-fa-2","Emmett Johnson","RB","FA","","127",""
"consensus-malik-willis-qb-mia","Malik Willis","QB","MIA","128","",""
"josh-downs","Josh Downs","WR","IND","144","128","118"
"jordan-mason","Jordan Mason","RB","MIN","123","129","145"
"jayden-reed","Jayden Reed","WR","GB","141","130","126"
"consensus-denzel-boston-wr-fa-2","Denzel Boston","WR","FA","","131",""
"rachaad-white","Rachaad White","RB","WAS","142","132","134"
"kyler-murray","Kyler Murray","QB","MIN","129","133","130"
"consensus-kenneth-gainwell-rb-tb","Kenneth Gainwell","RB","TB","134","",""
"xavier-worthy","Xavier Worthy","WR","KC","137","134","124"
"tyrone-tracy-jr","Tyrone Tracy Jr.","RB","NYG","133","135","144"
"romeo-doubs","Romeo Doubs","WR","NE","148","136","141"
"hunter-henry","Hunter Henry","TE","NE","138","137","152"
"travis-kelce","Travis Kelce","TE","KC","149","138","142"
"dylan-sampson","Dylan Sampson","RB","CLE","150","139","132"
"braelon-allen","Braelon Allen","RB","NYJ","131","140","156"
"consensus-jadarian-price-rb-fa-3","Jadarian Price","RB","FA","","","140"
"tyjae-spears","Tyjae Spears","RB","TEN","165","141","139"
"tyreek-hill","Tyreek Hill","WR","MIA","143","142","131"
"deebo-samuel","Deebo Samuel","WR","WAS","147","143","135"
"trey-benson","Trey Benson","RB","ARI","155","144","128"
"consensus-malik-willis-qb-mia-2","Malik Willis","QB","MIA","","145",""
"consensus-jonah-coleman-rb-fa","Jonah Coleman","RB","FA","146","",""
"isiah-pacheco","Isiah Pacheco","RB","DET","152","146","154"
"consensus-emmett-johnson-rb-fa-3","Emmett Johnson","RB","FA","","","146"
"dallas-goedert","Dallas Goedert","TE","PHI","139","147","158"
"travis-hunter","Travis Hunter","WR","JAX","183","148","155"
"jalen-coker","Jalen Coker","WR","CAR","153","149","143"
"isaiah-likely","Isaiah Likely","TE","NYG","169","150","148"
"c-j-stroud","C.J. Stroud","QB","HOU","136","151","133"
"consensus-houston-texans-dst-hou","Houston Texans","DST","HOU","151","",""
"consensus-jonah-coleman-rb-fa-2","Jonah Coleman","RB","FA","","152",""
"dalton-schultz","Dalton Schultz","TE","HOU","171","153","137"
"consensus-houston-texans-dst-hou-3","Houston Texans","DST","HOU","","","153"
"consensus-omar-cooper-wr-fa","Omar Cooper Jr.","WR","FA","154","",""
"consensus-houston-texans-dst-hou-2","Houston Texans","DST","HOU","","154",""
"sam-darnold","Sam Darnold","QB","SEA","140","155","136"
"tank-bigsby","Tank Bigsby","RB","PHI","145","156","176"
"troy-franklin","Troy Franklin","WR","DEN","158","157","149"
"brandon-aiyuk","Brandon Aiyuk","WR","SF","111","158","182"
"mark-andrews","Mark Andrews","TE","BAL","156","159","162"
"consensus-kayshon-boutte-wr-ne","Kayshon Boutte","WR","NE","159","",""
"consensus-denver-broncos-dst-den","Denver Broncos","DST","DEN","160","",""
"jerry-jeudy","Jerry Jeudy","WR","CLE","174","160","147"
"consensus-denver-broncos-dst-den-3","Denver Broncos","DST","DEN","","","160"
"consensus-mike-washington-rb-fa","Mike Washington Jr.","RB","FA","161","",""
"adonai-mitchell","Adonai Mitchell","WR","NYJ","164","161","150"
"consensus-chimere-dike-wr-ten-3","Chimere Dike","WR","TEN","","","161"
"consensus-mike-washington-rb-fa-2","Mike Washington Jr.","RB","FA","","162",""
"consensus-jonathon-brooks-rb-car","Jonathon Brooks","RB","CAR","163","",""
"consensus-denver-broncos-dst-den-2","Denver Broncos","DST","DEN","","163",""
"consensus-seattle-seahawks-dst-sea-3","Seattle Seahawks","DST","SEA","","","163"
"consensus-kayshon-boutte-wr-ne-2","Kayshon Boutte","WR","NE","","164",""
"rashid-shaheed","Rashid Shaheed","WR","SEA","177","165","159"
"consensus-denzel-boston-wr-fa-3","Denzel Boston","WR","FA","","","165"
"consensus-seattle-seahawks-dst-sea","Seattle Seahawks","DST","SEA","166","",""
"consensus-seattle-seahawks-dst-sea-2","Seattle Seahawks","DST","SEA","","166",""
"consensus-kayshon-boutte-wr-ne-3","Kayshon Boutte","WR","NE","","","166"
"chris-rodriguez-jr","Chris Rodriguez Jr.","RB","JAX","162","167","203"
"consensus-philadelphia-eagles-dst-phi-3","Philadelphia Eagles","DST","PHI","","","167"
"keaton-mitchell","Keaton Mitchell","RB","LAC","167","168","173"
"consensus-kenyon-sadiq-te-fa","Kenyon Sadiq","TE","FA","168","",""
"consensus-los-angeles-rams-dst-lar-3","Los Angeles Rams","DST","LAR","","","168"
"cam-ward","Cam Ward","QB","TEN","157","169","151"
"consensus-philadelphia-eagles-dst-phi-2","Philadelphia Eagles","DST","PHI","","170",""
"matthew-golden","Matthew Golden","WR","GB","201","171","164"
"brian-robinson-jr","Brian Robinson Jr.","RB","SF","170","172","186"
"consensus-kimani-vidal-rb-lac","Kimani Vidal","RB","LAC","172","",""
"consensus-jonah-coleman-rb-fa-3","Jonah Coleman","RB","FA","","","172"
"bryce-young","Bryce Young","QB","CAR","173","173","157"
"consensus-chimere-dike-wr-ten-2","Chimere Dike","WR","TEN","","174",""
"consensus-philadelphia-eagles-dst-phi","Philadelphia Eagles","DST","PHI","175","",""
"consensus-los-angeles-rams-dst-lar-2","Los Angeles Rams","DST","LAR","","175",""
"consensus-los-angeles-rams-dst-lar","Los Angeles Rams","DST","LAR","176","",""
"consensus-jonathon-brooks-rb-car-2","Jonathon Brooks","RB","CAR","","176",""
"consensus-omar-cooper-wr-fa-2","Omar Cooper Jr.","WR","FA","","177",""
"consensus-devin-neal-rb-no-3","Devin Neal","RB","NO","","","177"
"consensus-minnesota-vikings-dst-min","Minnesota Vikings","DST","MIN","178","",""
"consensus-minnesota-vikings-dst-min-2","Minnesota Vikings","DST","MIN","","178",""
"consensus-kenyon-sadiq-te-fa-2","Kenyon Sadiq","TE","FA","","179",""
"consensus-minnesota-vikings-dst-min-3","Minnesota Vikings","DST","MIN","","","179"
"consensus-new-england-patriots-dst-ne","New England Patriots","DST","NE","180","",""
"elic-ayomanor","Elic Ayomanor","WR","TEN","189","180","174"
"consensus-kimani-vidal-rb-lac-3","Kimani Vidal","RB","LAC","","","180"
"consensus-jacksonville-jaguars-dst-jac","Jacksonville Jaguars","DST","JAC","181","",""
"brandon-aubrey-k-dal","Brandon Aubrey","K","DAL","184","181","184"
"consensus-new-england-patriots-dst-ne-3","New England Patriots","DST","NE","","","181"
"consensus-chimere-dike-wr-ten","Chimere Dike","WR","TEN","182","",""
"consensus-kimani-vidal-rb-lac-2","Kimani Vidal","RB","LAC","","182",""
"consensus-los-angeles-chargers-dst-lac-2","Los Angeles Chargers","DST","LAC","","183",""
"consensus-jacksonville-jaguars-dst-jac-3","Jacksonville Jaguars","DST","JAC","","","183"
"consensus-green-bay-packers-dst-gb-2","Green Bay Packers","DST","GB","","184",""
"consensus-tank-dell-wr-hou","Tank Dell","WR","HOU","185","",""
"jaylin-noel","Jaylin Noel","WR","HOU","200","185","170"
"consensus-los-angeles-chargers-dst-lac-3","Los Angeles Chargers","DST","LAC","","","185"
"consensus-los-angeles-chargers-dst-lac","Los Angeles Chargers","DST","LAC","186","",""
"consensus-new-england-patriots-dst-ne-2","New England Patriots","DST","NE","","186",""
"consensus-aj-barner-te-sea","AJ Barner","TE","SEA","187","",""
"consensus-pittsburgh-steelers-dst-pit-2","Pittsburgh Steelers","DST","PIT","","187",""
"consensus-mike-washington-rb-fa-3","Mike Washington Jr.","RB","FA","","","187"
"consensus-green-bay-packers-dst-gb","Green Bay Packers","DST","GB","188","",""
"sean-tucker","Sean Tucker","RB","TB","197","188","231"
"consensus-green-bay-packers-dst-gb-3","Green Bay Packers","DST","GB","","","188"
"kaimi-fairbairn-k-hou","Ka'imi Fairbairn","K","HOU","192","189","190"
"consensus-pittsburgh-steelers-dst-pit-3","Pittsburgh Steelers","DST","PIT","","","189"
"pat-bryant","Pat Bryant","WR","DEN","216","190","175"
"consensus-pittsburgh-steelers-dst-pit","Pittsburgh Steelers","DST","PIT","191","",""
"cam-little-k-jax","Cam Little","K","JAX","193","191","191"
"consensus-devin-neal-rb-no-2","Devin Neal","RB","NO","","192",""
"consensus-aj-barner-te-sea-3","AJ Barner","TE","SEA","","","192"
"consensus-jacksonville-jaguars-dst-jac-2","Jacksonville Jaguars","DST","JAC","","193",""
"consensus-cleveland-browns-dst-cle-3","Cleveland Browns","DST","CLE","","","193"
"consensus-k-c-concepcion-wr-fa-2","K.C. Concepcion","WR","FA","","194",""
"consensus-tre-tucker-wr-lv-3","Tre Tucker","WR","LV","","","194"
"cameron-dicker-k-lac","Cameron Dicker","K","LAC","199","195","195"
"consensus-terrance-ferguson-te-lar","Terrance Ferguson","TE","LAR","196","",""
"consensus-aj-barner-te-sea-2","AJ Barner","TE","SEA","","196",""
"consensus-tre-tucker-wr-lv-2","Tre Tucker","WR","LV","","197",""
"consensus-cleveland-browns-dst-cle","Cleveland Browns","DST","CLE","198","",""
"jalen-mcmillan","Jalen McMillan","WR","TB","214","198","178"
"isaac-teslaa","Isaac TeSlaa","WR","DET","179","199","215"
"jason-myers","Jason Myers","K","SEA","204","200","199"
"consensus-fernando-mendoza-qb-fa-3","Fernando Mendoza","QB","FA","","","200"
"consensus-fernando-mendoza-qb-fa-2","Fernando Mendoza","QB","FA","","201",""
"tre-harris","Tre' Harris","WR","LAC","221","202","169"
"consensus-ryan-flournoy-wr-dal-3","Ryan Flournoy","WR","DAL","","","202"
"daniel-jones","Daniel Jones","QB","IND","190","203","171"
"evan-mcpherson-k-cin","Evan McPherson","K","CIN","203","204","198"
"consensus-chris-brazzell-wr-fa","Chris Brazzell II","WR","FA","205","",""
"consensus-emanuel-wilson-rb-sea-2","Emanuel Wilson","RB","SEA","","205",""
"consensus-cleveland-browns-dst-cle-2","Cleveland Browns","DST","CLE","","206",""
"consensus-andy-borregales-k-ne-3","Andy Borregales","K","NE","","","206"
"consensus-kansas-city-chiefs-dst-kc-2","Kansas City Chiefs","DST","KC","","207",""
"consensus-devin-neal-rb-no","Devin Neal","RB","NO","208","",""
"tyler-loop-k-bal","Tyler Loop","K","BAL","212","208","205"
"consensus-kansas-city-chiefs-dst-kc-3","Kansas City Chiefs","DST","KC","","","208"
"consensus-andy-borregales-k-ne-2","Andy Borregales","K","NE","","209",""
"consensus-jonathon-brooks-rb-car-3","Jonathon Brooks","RB","CAR","","","209"
"jaylen-wright","Jaylen Wright","RB","MIA","194","210","221"
"consensus-emanuel-wilson-rb-sea","Emanuel Wilson","RB","SEA","210","",""
"consensus-kansas-city-chiefs-dst-kc","Kansas City Chiefs","DST","KC","211","",""
"consensus-detroit-lions-dst-det-2","Detroit Lions","DST","DET","","211",""
"consensus-eddy-pineiro-k-sf-3","Eddy Pineiro","K","SF","","","211"
"consensus-eddy-pineiro-k-sf-2","Eddy Pineiro","K","SF","","212",""
"consensus-andy-borregales-k-ne","Andy Borregales","K","NE","213","",""
"marvin-mims-jr","Marvin Mims Jr.","WR","DEN","228","213","196"
"consensus-omar-cooper-wr-fa-3","Omar Cooper Jr.","WR","FA","","","213"
"chase-mclaughlin-k-tb","Chase McLaughlin","K","TB","222","214","216"
"consensus-detroit-lions-dst-det-3","Detroit Lions","DST","DET","","","214"
"consensus-tre-tucker-wr-lv","Tre Tucker","WR","LV","215","",""
"t-j-hockenson","T.J. Hockenson","TE","MIN","226","215","197"
"consensus-terrance-ferguson-te-lar-2","Terrance Ferguson","TE","LAR","","216",""
"consensus-detroit-lions-dst-det","Detroit Lions","DST","DET","217","",""
"mason-taylor","Mason Taylor","TE","NYJ","238","217","201"
"consensus-cairo-santos-k-chi-3","Cairo Santos","K","CHI","","","217"
"consensus-elijah-sarratt-wr-fa","Elijah Sarratt","WR","FA","218","",""
"consensus-buffalo-bills-dst-buf-2","Buffalo Bills","DST","BUF","","218",""
"consensus-emanuel-wilson-rb-sea-3","Emanuel Wilson","RB","SEA","","","218"
"consensus-eddy-pineiro-k-sf","Eddy Pineiro","K","SF","219","",""
"consensus-nicholas-singleton-rb-fa-2","Nicholas Singleton","RB","FA","","219",""
"consensus-kaytron-allen-rb-fa","Kaytron Allen","RB","FA","220","",""
"consensus-ryan-flournoy-wr-dal-2","Ryan Flournoy","WR","DAL","","220",""
"calvin-ridley","Calvin Ridley","WR","TEN","233","221","212"
"ray-davis","Ray Davis","RB","BUF","202","222","222"
"consensus-nicholas-singleton-rb-fa","Nicholas Singleton","RB","FA","223","",""
"consensus-kaytron-allen-rb-fa-2","Kaytron Allen","RB","FA","","223",""
"consensus-baltimore-ravens-dst-bal-2","Baltimore Ravens","DST","BAL","","224",""
"consensus-buffalo-bills-dst-buf-3","Buffalo Bills","DST","BUF","","","224"
"kaleb-johnson","Kaleb Johnson","RB","PIT","195","225","207"
"consensus-ryan-flournoy-wr-dal","Ryan Flournoy","WR","DAL","225","",""
"darnell-mooney","Darnell Mooney","WR","ATL","237","226","204"
"kendre-miller","Kendre Miller","RB","NO","207","227","219"
"consensus-buffalo-bills-dst-buf","Buffalo Bills","DST","BUF","227","",""
"consensus-cairo-santos-k-chi-2","Cairo Santos","K","CHI","","228",""
"consensus-mack-hollins-wr-ne-3","Mack Hollins","WR","NE","","","228"
"theo-johnson","Theo Johnson","TE","NYG","209","229","210"
"consensus-isaiah-davis-rb-nyj-3","Isaiah Davis","RB","NYJ","","","229"
"consensus-eli-stowers-te-fa","Eli Stowers","TE","FA","230","",""
"chig-okonkwo","Chig Okonkwo","TE","WAS","244","230","234"
"consensus-jacoby-brissett-qb-ari-3","Jacoby Brissett","QB","ARI","","","230"
"consensus-fernando-mendoza-qb-fa","Fernando Mendoza","QB","FA","231","",""
"jake-bates-k-det","Jake Bates","K","DET","239","231","233"
"kyle-williams","Kyle Williams","WR","NE","206","232","236"
"consensus-cairo-santos-k-chi","Cairo Santos","K","CHI","232","",""
"consensus-dontayvion-wicks-wr-gb-3","Dontayvion Wicks","WR","GB","","","232"
"joe-mixon","Joe Mixon","RB","","224","233","253"
"rashod-bateman","Rashod Bateman","WR","BAL","236","234","220"
"consensus-baltimore-ravens-dst-bal","Baltimore Ravens","DST","BAL","235","",""
"consensus-harrison-mevis-k-lar-2","Harrison Mevis","K","LAR","","235",""
"consensus-baltimore-ravens-dst-bal-3","Baltimore Ravens","DST","BAL","","","235"
"consensus-tank-dell-wr-hou-2","Tank Dell","WR","HOU","","236",""
"consensus-chris-brazzell-wr-fa-2","Chris Brazzell II","WR","FA","","237",""
"consensus-harrison-mevis-k-lar-3","Harrison Mevis","K","LAR","","","237"
"consensus-isaiah-davis-rb-nyj-2","Isaiah Davis","RB","NYJ","","238",""
"consensus-terrance-ferguson-te-lar-3","Terrance Ferguson","TE","LAR","","","238"
"david-njoku","David Njoku","TE","CLE","240","239","244"
"consensus-mack-hollins-wr-ne-2","Mack Hollins","WR","NE","","240",""
"consensus-gunnar-helm-te-ten-3","Gunnar Helm","TE","TEN","","","240"
"ollie-gordon-ii","Ollie Gordon II","RB","MIA","234","241","249"
"consensus-harrison-mevis-k-lar","Harrison Mevis","K","LAR","241","",""
"keon-coleman","Keon Coleman","WR","BUF","246","242","225"
"consensus-k-c-concepcion-wr-fa-3","K.C. Concepcion","WR","FA","","","242"
"consensus-malachi-fields-wr-fa","Malachi Fields","WR","FA","243","",""
"consensus-malachi-fields-wr-fa-2","Malachi Fields","WR","FA","","243",""
"xavier-legette","Xavier Legette","WR","CAR","242","244","226"
"consensus-colby-parkinson-te-lar","Colby Parkinson","TE","LAR","245","",""
"consensus-eli-stowers-te-fa-2","Eli Stowers","TE","FA","","245",""
"consensus-kenyon-sadiq-te-fa-3","Kenyon Sadiq","TE","FA","","","245"
"consensus-dontayvion-wicks-wr-gb-2","Dontayvion Wicks","WR","GB","","246",""
"consensus-isaiah-davis-rb-nyj","Isaiah Davis","RB","NYJ","247","",""
"consensus-gunnar-helm-te-ten-2","Gunnar Helm","TE","TEN","","247",""
"consensus-kaytron-allen-rb-fa-3","Kaytron Allen","RB","FA","","","247"
"consensus-elijah-sarratt-wr-fa-2","Elijah Sarratt","WR","FA","","248",""
"consensus-dontayvion-wicks-wr-gb","Dontayvion Wicks","WR","GB","249","",""
"chris-boswell-k-pit","Chris Boswell","K","PIT","254","249","252"
"consensus-jacoby-brissett-qb-ari","Jacoby Brissett","QB","ARI","250","",""
"najee-harris","Najee Harris","RB","LAC","251","250","243"
"tory-horton","Tory Horton","WR","SEA","229","251","248"
"consensus-chris-brazzell-wr-fa-3","Chris Brazzell II","WR","FA","","","251"
"consensus-mack-hollins-wr-ne","Mack Hollins","WR","NE","252","",""
"keenan-allen","Keenan Allen","WR","LAC","269","252","239"
"brashard-smith","Brashard Smith","RB","KC","263","253","223"
"consensus-ty-johnson-rb-buf-2","Ty Johnson","RB","BUF","","254",""
"consensus-gunnar-helm-te-ten","Gunnar Helm","TE","TEN","255","",""
"cade-otton","Cade Otton","TE","TB","274","255","257"
"consensus-nicholas-singleton-rb-fa-3","Nicholas Singleton","RB","FA","","","255"
"consensus-ty-johnson-rb-buf","Ty Johnson","RB","BUF","256","",""
"consensus-colby-parkinson-te-lar-2","Colby Parkinson","TE","LAR","","256",""
"consensus-ty-johnson-rb-buf-3","Ty Johnson","RB","BUF","","","256"
"harrison-butker-k-kc","Harrison Butker","K","KC","264","257","266"
"cooper-kupp","Cooper Kupp","WR","SEA","261","258","241"
"consensus-colby-parkinson-te-lar-3","Colby Parkinson","TE","LAR","","","258"
"consensus-demond-claiborne-rb-fa","Demond Claiborne","RB","FA","259","",""
"consensus-jacoby-brissett-qb-ari-2","Jacoby Brissett","QB","ARI","","259",""
"consensus-tank-dell-wr-hou-3","Tank Dell","WR","HOU","","","259"
"consensus-george-holani-rb-sea","George Holani","RB","SEA","260","",""
"wil-lutz-k-den","Wil Lutz","K","DEN","268","260","268"
"consensus-devaughn-vele-wr-no-3","Devaughn Vele","WR","NO","","","260"
"j-j-mccarthy","J.J. McCarthy","QB","MIN","257","261","246"
"pat-freiermuth","Pat Freiermuth","TE","PIT","258","262","267"
"consensus-atlanta-falcons-dst-atl","Atlanta Falcons","DST","ATL","262","",""
"consensus-elijah-sarratt-wr-fa-3","Elijah Sarratt","WR","FA","","","262"
"michael-penix-jr","Michael Penix Jr.","QB","ATL","248","263","227"
"consensus-jalen-nailor-wr-lv-2","Jalen Nailor","WR","LV","","264",""
"consensus-atlanta-falcons-dst-atl-3","Atlanta Falcons","DST","ATL","","","264"
"consensus-zachariah-branch-wr-fa","Zachariah Branch","WR","FA","265","",""
"consensus-devaughn-vele-wr-no-2","Devaughn Vele","WR","NO","","265",""
"consensus-isaiah-bond-wr-cle-3","Isaiah Bond","WR","CLE","","","265"
"consensus-demond-claiborne-rb-fa-2","Demond Claiborne","RB","FA","","266",""
"consensus-atlanta-falcons-dst-atl-2","Atlanta Falcons","DST","ATL","","267",""
"isaac-guerendo","Isaac Guerendo","RB","SF","267","268","287"
"jaleel-mclaughlin","Jaleel McLaughlin","RB","DEN","272","269","278"
"consensus-devaughn-vele-wr-no","Devaughn Vele","WR","NO","270","",""
"jack-bech","Jack Bech","WR","LV","280","270","254"
"consensus-isaiah-bond-wr-cle","Isaiah Bond","WR","CLE","271","",""
"evan-engram","Evan Engram","TE","DEN","277","271","261"
"consensus-lequint-allen-rb-jac-3","LeQuint Allen Jr.","RB","JAC","","","271"
"jerome-ford","Jerome Ford","RB","CLE","311","272","263"
"consensus-jalen-nailor-wr-lv-3","Jalen Nailor","WR","LV","","","272"
"consensus-germie-bernard-wr-fa","Germie Bernard","WR","FA","273","",""
"consensus-malik-davis-rb-dal-2","Malik Davis","RB","DAL","","273",""
"consensus-malachi-fields-wr-fa-3","Malachi Fields","WR","FA","","","273"
"darius-slayton","Darius Slayton","WR","NYG","266","274","250"
"consensus-jalen-nailor-wr-lv","Jalen Nailor","WR","LV","275","",""
"consensus-isaiah-bond-wr-cle-2","Isaiah Bond","WR","CLE","","275",""
"consensus-eli-stowers-te-fa-3","Eli Stowers","TE","FA","","","275"
"consensus-malik-davis-rb-dal","Malik Davis","RB","DAL","276","",""
"consensus-charlie-smyth-k-no-2","Charlie Smyth","K","NO","","276",""
"consensus-george-holani-rb-sea-3","George Holani","RB","SEA","","","276"
"andrei-iosivas","Andrei Iosivas","WR","CIN","281","277","269"
"consensus-demond-claiborne-rb-fa-3","Demond Claiborne","RB","FA","","","277"
"consensus-zachariah-branch-wr-fa-2","Zachariah Branch","WR","FA","","278",""
"jaydon-blue","Jaydon Blue","RB","DAL","253","279","274"
"consensus-george-holani-rb-sea-2","George Holani","RB","SEA","","280",""
"consensus-charlie-smyth-k-no-3","Charlie Smyth","K","NO","","","280"
"consensus-san-francisco-49ers-dst-sf-2","San Francisco 49ers","DST","SF","","281",""
"mike-gesicki","Mike Gesicki","TE","CIN","279","282","281"
"consensus-charlie-smyth-k-no","Charlie Smyth","K","NO","282","",""
"consensus-germie-bernard-wr-fa-2","Germie Bernard","WR","FA","","283",""
"consensus-devin-singletary-rb-nyg-2","Devin Singletary","RB","NYG","","284",""
"consensus-new-orleans-saints-dst-no-2","New Orleans Saints","DST","NO","","285",""
"shedeur-sanders","Shedeur Sanders","QB","CLE","283","286","270"
"consensus-luke-mccaffrey-wr-was","Luke McCaffrey","WR","WAS","286","",""
"consensus-chris-brooks-rb-gb-3","Chris Brooks","RB","GB","","","286"
"dj-giddens","DJ Giddens","RB","IND","278","287","301"
"consensus-tyquan-thornton-wr-kc","Tyquan Thornton","WR","KC","287","",""
"consensus-new-orleans-saints-dst-no","New Orleans Saints","DST","NO","288","",""
"consensus-konata-mumpfield-wr-lar-2","Konata Mumpfield","WR","LAR","","288",""
"consensus-konata-mumpfield-wr-lar-3","Konata Mumpfield","WR","LAR","","","288"
"christian-kirk","Christian Kirk","WR","HOU","296","289","283"
"consensus-new-orleans-saints-dst-no-3","New Orleans Saints","DST","NO","","","289"
"consensus-tyquan-thornton-wr-kc-2","Tyquan Thornton","WR","KC","","290",""
"consensus-zachariah-branch-wr-fa-3","Zachariah Branch","WR","FA","","","290"
"consensus-samaje-perine-rb-cin","Samaje Perine","RB","CIN","291","",""
"consensus-audric-estime-rb-no-2","Audric Estime","RB","NO","","291",""
"consensus-calvin-austin-wr-nyg-3","Calvin Austin III","WR","NYG","","","291"
"consensus-devin-singletary-rb-nyg","Devin Singletary","RB","NYG","292","",""
"consensus-luke-mccaffrey-wr-was-2","Luke McCaffrey","WR","WAS","","292",""
"consensus-malik-davis-rb-dal-3","Malik Davis","RB","DAL","","","292"
"consensus-lequint-allen-rb-jac","LeQuint Allen Jr.","RB","JAC","293","",""
"consensus-calvin-austin-wr-nyg-2","Calvin Austin III","WR","NYG","","293",""
"consensus-tyquan-thornton-wr-kc-3","Tyquan Thornton","WR","KC","","","293"
"consensus-calvin-austin-wr-nyg","Calvin Austin III","WR","NYG","294","",""
"consensus-lequint-allen-rb-jac-2","LeQuint Allen Jr.","RB","JAC","","294",""
"consensus-luke-mccaffrey-wr-was-3","Luke McCaffrey","WR","WAS","","","294"
"consensus-bam-knight-rb-ari-2","Bam Knight","RB","ARI","","295",""
"justice-hill","Justice Hill","RB","BAL","298","296","295"
"consensus-samaje-perine-rb-cin-3","Samaje Perine","RB","CIN","","","296"
"hollywood-brown","Hollywood Brown","WR","KC","285","297","282"
"consensus-konata-mumpfield-wr-lar","Konata Mumpfield","WR","LAR","297","",""
"consensus-malik-washington-wr-mia-3","Malik Washington","WR","MIA","","","297"
"jarquez-hunter","Jarquez Hunter","RB","LAR","290","298","307"
"consensus-devin-singletary-rb-nyg-3","Devin Singletary","RB","NYG","","","298"
"cedric-tillman","Cedric Tillman","WR","CLE","284","299","284"
"consensus-germie-bernard-wr-fa-3","Germie Bernard","WR","FA","","","299"
"consensus-malik-washington-wr-mia","Malik Washington","WR","MIA","300","",""
"consensus-malik-washington-wr-mia-2","Malik Washington","WR","MIA","","300",""
"kareem-hunt","Kareem Hunt","RB","KC","299","301","311"
"consensus-chris-brooks-rb-gb","Chris Brooks","RB","GB","301","",""
"tua-tagovailoa","Tua Tagovailoa","QB","ATL","295","302","279"
"consensus-jordan-james-rb-sf","Jordan James","RB","SF","302","",""
"consensus-san-francisco-49ers-dst-sf","San Francisco 49ers","DST","SF","303","",""
"aaron-rodgers","Aaron Rodgers","QB","PIT","307","303","303"
"consensus-indianapolis-colts-dst-ind-2","Indianapolis Colts","DST","IND","","304",""
"consensus-mac-jones-qb-sf-3","Mac Jones","QB","SF","","","304"
"consensus-audric-estime-rb-no","Audric Estime","RB","NO","305","",""
"consensus-samaje-perine-rb-cin-2","Samaje Perine","RB","CIN","","305",""
"consensus-san-francisco-49ers-dst-sf-3","San Francisco 49ers","DST","SF","","","305"
"marshawn-lloyd","Marshawn Lloyd","RB","GB","289","306","308"
"consensus-mac-jones-qb-sf","Mac Jones","QB","SF","306","",""
"consensus-audric-estime-rb-no-3","Audric Estime","RB","NO","","","306"
"jalen-royals","Jalen Royals","WR","KC","315","307","285"
"consensus-mac-jones-qb-sf-2","Mac Jones","QB","SF","","308",""
"dont-e-thornton-jr","Dont'e Thornton Jr.","WR","LV","308","309","302"
"consensus-indianapolis-colts-dst-ind","Indianapolis Colts","DST","IND","309","",""
"consensus-bam-knight-rb-ari-3","Bam Knight","RB","ARI","","","309"
"consensus-chris-brooks-rb-gb-2","Chris Brooks","RB","GB","","310",""
"consensus-indianapolis-colts-dst-ind-3","Indianapolis Colts","DST","IND","","","310"
"geno-smith","Geno Smith","QB","NYJ","304","311","300"
"consensus-trevor-etienne-rb-car","Trevor Etienne","RB","CAR","312","",""
"consensus-trevor-etienne-rb-car-2","Trevor Etienne","RB","CAR","","312",""
"consensus-bam-knight-rb-ari","Bam Knight","RB","ARI","313","",""
"consensus-jake-tonges-te-sf-2","Jake Tonges","TE","SF","","313",""
"consensus-trevor-etienne-rb-car-3","Trevor Etienne","RB","CAR","","","313"
"consensus-emari-demercado-rb-kc","Emari Demercado","RB","KC","314","",""
"joshua-palmer","Joshua Palmer","WR","BUF","322","314","322"
"consensus-noah-gray-te-kc-3","Noah Gray","TE","KC","","","314"
"consensus-emari-demercado-rb-kc-2","Emari Demercado","RB","KC","","315",""
"consensus-michael-carter-rb-fa-3","Michael Carter","RB","FA","","","315"
"consensus-tez-johnson-wr-tb","Tez Johnson","WR","TB","316","",""
"consensus-john-metchie-wr-car-2","John Metchie III","WR","CAR","","316",""
"consensus-emari-demercado-rb-kc-3","Emari Demercado","RB","KC","","","316"
"nick-chubb","Nick Chubb","RB","HOU","317","317","321"
"consensus-michael-carter-rb-fa","Michael Carter","RB","FA","318","",""
"consensus-zane-gonzalez-k-mia-2","Zane Gonzalez","K","MIA","","318",""
"consensus-jordan-james-rb-sf-3","Jordan James","RB","SF","","","318"
"consensus-jake-tonges-te-sf","Jake Tonges","TE","SF","319","",""
"consensus-olamide-zaccheaus-wr-atl-2","Olamide Zaccheaus","WR","ATL","","319",""
"consensus-olamide-zaccheaus-wr-atl-3","Olamide Zaccheaus","WR","ATL","","","319"
"demario-douglas","DeMario Douglas","WR","NE","327","320","327"
"consensus-tez-johnson-wr-tb-3","Tez Johnson","WR","TB","","","320"
"consensus-michael-carter-rb-fa-2","Michael Carter","RB","FA","","321",""
"darren-waller","Darren Waller","TE","MIA","321","322","324"
"will-reichard-k-min","Will Reichard","K","MIN","323","323","325"
"consensus-jake-tonges-te-sf-3","Jake Tonges","TE","SF","","","323"
"consensus-noah-gray-te-kc","Noah Gray","TE","KC","324","",""
"consensus-tez-johnson-wr-tb-2","Tez Johnson","WR","TB","","324",""
"will-shipley","Will Shipley","RB","PHI","320","325","312"
"consensus-olamide-zaccheaus-wr-atl","Olamide Zaccheaus","WR","ATL","325","",""
"consensus-tommy-myers-te-fa","Tommy Myers","TE","FA","326","",""
"consensus-tommy-myers-te-fa-2","Tommy Myers","TE","FA","","326",""
"consensus-miami-dolphins-dst-mia-2","Miami Dolphins","DST","MIA","","327",""
"tahj-brooks","Tahj Brooks","RB","CIN","310","328","317"
"consensus-ben-sinnott-te-was","Ben Sinnott","TE","WAS","328","",""
"consensus-carolina-panthers-dst-car-2","Carolina Panthers","DST","CAR","","329",""
"consensus-john-metchie-wr-car-3","John Metchie III","WR","CAR","","","329"
"consensus-jaylin-lane-wr-was","Jaylin Lane","WR","WAS","330","",""
"consensus-greg-dulcich-te-mia-2","Greg Dulcich","TE","MIA","","330",""
"consensus-ben-sinnott-te-was-3","Ben Sinnott","TE","WAS","","","330"
"consensus-john-bates-te-was-2","John Bates","TE","WAS","","331",""
"consensus-jaylin-lane-wr-was-3","Jaylin Lane","WR","WAS","","","331"
"consensus-zane-gonzalez-k-mia","Zane Gonzalez","K","MIA","332","",""
"consensus-chris-bell-wr-fa-2","Chris Bell","WR","FA","","332",""
"consensus-xavier-hutchinson-wr-hou-3","Xavier Hutchinson","WR","HOU","","","332"
"austin-ekeler","Austin Ekeler","RB","WAS","331","333","328"
"consensus-xavier-hutchinson-wr-hou","Xavier Hutchinson","WR","HOU","333","",""
"consensus-zane-gonzalez-k-mia-3","Zane Gonzalez","K","MIA","","","333"
"consensus-john-metchie-wr-car","John Metchie III","WR","CAR","334","",""
"consensus-jordan-james-rb-sf-2","Jordan James","RB","SF","","334",""
"consensus-carolina-panthers-dst-car","Carolina Panthers","DST","CAR","335","",""
"consensus-xavier-hutchinson-wr-hou-2","Xavier Hutchinson","WR","HOU","","335",""
"consensus-carolina-panthers-dst-car-3","Carolina Panthers","DST","CAR","","","335"
"consensus-ben-sinnott-te-was-2","Ben Sinnott","TE","WAS","","336",""
"consensus-darnell-washington-te-pit-3","Darnell Washington","TE","PIT","","","336"
"consensus-john-bates-te-was","John Bates","TE","WAS","337","",""
"consensus-jahan-dotson-wr-atl-2","Jahan Dotson","WR","ATL","","337",""
"consensus-john-bates-te-was-3","John Bates","TE","WAS","","","337"
"consensus-darnell-washington-te-pit","Darnell Washington","TE","PIT","338","",""
"consensus-noah-gray-te-kc-2","Noah Gray","TE","KC","","338",""
"consensus-michael-mayer-te-lv-3","Michael Mayer","TE","LV","","","338"
"consensus-chris-bell-wr-fa","Chris Bell","WR","FA","339","",""
"consensus-jaylin-lane-wr-was-2","Jaylin Lane","WR","WAS","","339",""
"consensus-greg-dulcich-te-mia-3","Greg Dulcich","TE","MIA","","","339"
"elijah-arroyo","Elijah Arroyo","TE","SEA","336","340","334"
"consensus-tyler-higbee-te-lar","Tyler Higbee","TE","LAR","340","",""
"consensus-jawhar-jordan-rb-hou-3","Jawhar Jordan","RB","HOU","","","340"
"consensus-jawhar-jordan-rb-hou","Jawhar Jordan","RB","HOU","341","",""
"consensus-jawhar-jordan-rb-hou-2","Jawhar Jordan","RB","HOU","","341",""
"consensus-miami-dolphins-dst-mia-3","Miami Dolphins","DST","MIA","","","341"
"consensus-greg-dulcich-te-mia","Greg Dulcich","TE","MIA","342","",""
"consensus-leveon-moss-rb-fa-2","Le'Veon Moss","RB","FA","","342",""
"consensus-jahan-dotson-wr-atl-3","Jahan Dotson","WR","ATL","","","342"
"anthony-richardson-sr","Anthony Richardson Sr.","QB","IND","329","343","326"
"consensus-michael-mayer-te-lv","Michael Mayer","TE","LV","343","",""
"justin-fields","Justin Fields","QB","NYJ","347","","343"
"consensus-miami-dolphins-dst-mia","Miami Dolphins","DST","MIA","344","",""
"consensus-jmari-taylor-rb-fa-2","J'Mari Taylor","RB","FA","","344",""
"consensus-tommy-myers-te-fa-3","Tommy Myers","TE","FA","","","344"
"consensus-adam-randall-rb-fa","Adam Randall","RB","FA","345","",""
"consensus-chicago-bears-dst-chi","Chicago Bears","DST","CHI","","345",""
"consensus-tyler-higbee-te-lar-3","Tyler Higbee","TE","LAR","","","345"
"consensus-jahan-dotson-wr-atl","Jahan Dotson","WR","ATL","346","",""
"consensus-raheim-sanders-rb-cle-2","Raheim Sanders","RB","CLE","","346",""
"consensus-chris-bell-wr-fa-3","Chris Bell","WR","FA","","","346"
"consensus-michael-mayer-te-lv-2","Michael Mayer","TE","LV","","347",""
"consensus-noah-fant-te-no-3","Noah Fant","TE","NO","","","347"
"consensus-antonio-williams-wr-fa","Antonio Williams","WR","FA","348","",""
"consensus-tyler-higbee-te-lar-2","Tyler Higbee","TE","LAR","","348",""
"consensus-adam-randall-rb-fa-2","Adam Randall","RB","FA","","","348"
"consensus-jmari-taylor-rb-fa","J'Mari Taylor","RB","FA","349","",""
"consensus-ty-simpson-qb-fa-2","Ty Simpson","QB","FA","","349",""
"consensus-deshaun-watson-qb-cle-3","Deshaun Watson","QB","CLE","","","349"
"consensus-leveon-moss-rb-fa","Le'Veon Moss","RB","FA","350","",""
"consensus-joe-milton-qb-dal-2","Joe Milton III","QB","DAL","","350",""
"consensus-ty-simpson-qb-fa-3","Ty Simpson","QB","FA","","","350"
"consensus-raheim-sanders-rb-cle","Raheim Sanders","RB","CLE","351","",""
"consensus-noah-fant-te-no-2","Noah Fant","TE","NO","","351",""
"consensus-antonio-williams-wr-fa-2","Antonio Williams","WR","FA","","","351"
"consensus-terrell-jennings-rb-ne-2","Terrell Jennings","RB","NE","","352",""
"consensus-leveon-moss-rb-fa-3","Le'Veon Moss","RB","FA","","","352"
"consensus-terrell-jennings-rb-ne","Terrell Jennings","RB","NE","353","",""
"consensus-marcus-mariota-qb-was-2","Marcus Mariota","QB","WAS","","353",""
"consensus-raheim-sanders-rb-cle-3","Raheim Sanders","RB","CLE","","","353"
"dameon-pierce","Dameon Pierce","RB","KC","352","354","360"
"consensus-ty-simpson-qb-fa","Ty Simpson","QB","FA","354","",""
"consensus-kalif-raymond-wr-chi-2","Kalif Raymond","WR","CHI","","","354"
"consensus-antonio-gibson-rb-fa","Antonio Gibson","RB","FA","355","",""
"consensus-antonio-gibson-rb-fa-2","Antonio Gibson","RB","FA","","355",""
"consensus-jmari-taylor-rb-fa-3","J'Mari Taylor","RB","FA","","","355"
"consensus-kalif-raymond-wr-chi","Kalif Raymond","WR","CHI","356","",""
"consensus-jameis-winston-qb-nyg-2","Jameis Winston","QB","NYG","","356",""
"consensus-joe-milton-qb-dal-3","Joe Milton III","QB","DAL","","","356"
"consensus-noah-fant-te-no","Noah Fant","TE","NO","357","",""
"consensus-deshaun-watson-qb-cle-2","Deshaun Watson","QB","CLE","","357",""
"consensus-terrell-jennings-rb-ne-3","Terrell Jennings","RB","NE","","","357"
"consensus-joe-milton-qb-dal","Joe Milton III","QB","DAL","358","",""
"jonnu-smith","Jonnu Smith","TE","PIT","369","358","364"
"consensus-antonio-gibson-rb-fa-3","Antonio Gibson","RB","FA","","","358"
"consensus-deshaun-watson-qb-cle","Deshaun Watson","QB","CLE","359","",""
"consensus-darnell-washington-te-pit-2","Darnell Washington","TE","PIT","","359",""
"consensus-kirk-cousins-qb-fa-2","Kirk Cousins","QB","FA","","","359"
"consensus-ted-hurst-wr-fa","Ted Hurst","WR","FA","360","",""
"cole-kmet","Cole Kmet","TE","CHI","366","360","369"
"consensus-kirk-cousins-qb-fa","Kirk Cousins","QB","FA","361","",""
"ja-tavion-sanders","Ja'Tavion Sanders","TE","CAR","370","361","365"
"consensus-ted-hurst-wr-fa-2","Ted Hurst","WR","FA","","","361"
"consensus-jakobi-lane-wr-fa","Ja'Kobi Lane","WR","FA","362","",""
"consensus-luke-musgrave-te-gb-2","Luke Musgrave","TE","GB","","362",""
"consensus-joe-flacco-qb-fa-2","Joe Flacco","QB","FA","","","362"
"consensus-skyler-bell-wr-fa","Skyler Bell","WR","FA","363","",""
"consensus-dawson-knox-te-buf-2","Dawson Knox","TE","BUF","","363",""
"consensus-jakobi-lane-wr-fa-2","Ja'Kobi Lane","WR","FA","","","363"
"consensus-dawson-knox-te-buf","Dawson Knox","TE","BUF","364","",""
"consensus-elijah-higgins-te-ari-2","Elijah Higgins","TE","ARI","","364",""
"consensus-joe-flacco-qb-fa","Joe Flacco","QB","FA","365","",""
"consensus-max-klare-te-fa-2","Max Klare","TE","FA","","365",""
"zach-ertz","Zach Ertz","TE","WAS","373","366","374"
"consensus-skyler-bell-wr-fa-2","Skyler Bell","WR","FA","","","366"
"consensus-luke-musgrave-te-gb","Luke Musgrave","TE","GB","367","",""
"consensus-dawson-knox-te-buf-3","Dawson Knox","TE","BUF","","","367"
"consensus-michael-trigg-te-fa","Michael Trigg","TE","FA","368","",""
"consensus-luke-musgrave-te-gb-3","Luke Musgrave","TE","GB","","","368"
"consensus-marcus-mariota-qb-was-3","Marcus Mariota","QB","WAS","","","370"
"consensus-marcus-mariota-qb-was","Marcus Mariota","QB","WAS","371","",""
"consensus-tyler-badie-rb-den-2","Tyler Badie","RB","DEN","","","371"
"consensus-max-klare-te-fa","Max Klare","TE","FA","372","",""
"consensus-jameis-winston-qb-nyg-3","Jameis Winston","QB","NYG","","","372"
"consensus-elijah-higgins-te-ari-3","Elijah Higgins","TE","ARI","","","373"
"consensus-jameis-winston-qb-nyg","Jameis Winston","QB","NYG","374","",""
"consensus-tyler-badie-rb-den","Tyler Badie","RB","DEN","375","",""
"consensus-gardner-minshew-qb-ari-2","Gardner Minshew II","QB","ARI","","","375"
"consensus-thomas-fidone-te-nyg","Thomas Fidone II","TE","NYG","376","",""
"consensus-thomas-fidone-te-nyg-2","Thomas Fidone II","TE","NYG","","","376"
"consensus-elijah-higgins-te-ari","Elijah Higgins","TE","ARI","377","",""
"consensus-max-klare-te-fa-3","Max Klare","TE","FA","","","377"
"consensus-gardner-minshew-qb-ari","Gardner Minshew II","QB","ARI","378","",""
"consensus-michael-trigg-te-fa-2","Michael Trigg","TE","FA","","","378"
"consensus-taysom-hill-te-fa","Taysom Hill","TE","FA","379","",""
"consensus-taysom-hill-te-fa-2","Taysom Hill","TE","FA","","","379"
"consensus-justin-joly-te-fa","Justin Joly","TE","FA","380","",""
"consensus-tutu-atwell-wr-mia-2","Tutu Atwell","WR","MIA","","","380"
"consensus-tutu-atwell-wr-mia","Tutu Atwell","WR","MIA","381","",""
