Updated 02/26/26 at 03:12pm,Position Rank,Position,Team,Value,Age,Rookie,SFPosition Rank,SFValue
Bijan Robinson,RB1,RB,ATL,9998,24.1,No,RB1,9999
Jaxon Smith-Njigba,WR2,WR,SEA,9995,24.0,No,WR1,9901
Ja'Marr Chase,WR1,WR,CIN,9995,26.0,No,WR2,9893
Puka Nacua,WR3,WR,LAR,9859,24.8,No,WR3,9575
Jahmyr Gibbs,RB2,RB,DET,9850,23.9,No,RB2,9403
Malik Nabers,WR4,WR,NYG,7998,22.6,No,WR4,7744
Brock Bowers,TE1,TE,LVR,7995,23.2,No,TE2,7649
Trey McBride,TE2,TE,ARI,7985,26.3,No,TE1,7667
Amon-Ra St. Brown,WR5,WR,DET,7887,26.3,No,WR5,7654
CeeDee Lamb,WR6,WR,DAL,7799,26.9,No,WR7,7356
Ashton Jeanty,RB3,RB,LVR,7759,22.2,No,RB3,7234
Justin Jefferson,WR7,WR,MIN,7732,26.7,No,WR6,7387
De'Von Achane,RB4,RB,MIA,7692,24.4,No,RB4,7048
Josh Allen,QB1,QB,BUF,7677,29.8,No,QB1,9993
Drake London,WR8,WR,ATL,7595,24.6,No,WR8,6989
Omarion Hampton,RB5,RB,LAC,7295,23.0,No,RB6,6612
Tetairoa McMillan,WR9,WR,CAR,7232,22.9,No,WR9,6640
Jeremiyah Love,RB6,RB,FA,7135,-1.0,Yes,RB5,6897
2027 Early 1st,,PI,,6999,,,,6628
James Cook,RB7,RB,BUF,6997,26.4,No,RB7,6186
Jonathan Taylor,RB8,RB,IND,6933,27.1,No,RB8,6145
George Pickens,WR10,WR,DAL,6846,25.0,No,WR10,6191
Drake Maye,QB2,QB,NEP,6777,23.5,No,QB2,9606
Emeka Egbuka,WR11,WR,TBB,6690,23.4,No,WR12,5940
TreVeyon Henderson,RB9,RB,NEP,6628,23.4,No,RB9,5913
Nico Collins,WR12,WR,HOU,6619,26.9,No,WR11,5977
Garrett Wilson,WR13,WR,NYJ,6610,25.6,No,WR13,5830
2026 Early 1st,,PI,,6541,,,,5991
Chris Olave,WR14,WR,NOS,6456,25.7,No,WR14,5812
Breece Hall,RB10,RB,NYJ,6439,24.7,No,RB10,5522
Lamar Jackson,QB3,QB,BAL,6431,29.1,No,QB4,7580
Tyler Warren,TE3,TE,IND,6404,23.8,No,TE4,5659
Colston Loveland,TE4,TE,CHI,6390,21.9,No,TE3,5927
Quinshon Judkins,RB11,RB,CLE,6362,22.3,No,RB11,5512
Bucky Irving,RB12,RB,TBB,6347,23.5,No,RB12,5455
Ladd McConkey,WR15,WR,LAC,6279,24.3,No,WR15,5495
Jayden Daniels,QB4,QB,WAS,6185,25.2,No,QB5,7572
Makai Lemon,WR16,WR,FA,6044,-1.0,Yes,WR17,5289
Carnell Tate,WR17,WR,FA,6029,-1.0,Yes,WR18,5246
Rashee Rice,WR18,WR,KCC,6020,25.8,No,WR19,5125
Rome Odunze,WR19,WR,CHI,6013,23.7,No,WR16,5295
Christian McCaffrey,RB13,RB,SFO,5961,29.7,No,RB13,5095
Marvin Harrison Jr.,WR20,WR,ARI,5889,23.5,No,WR20,5116
Kenneth Walker III,RB14,RB,SEA,5809,25.4,No,RB14,5020
Luther Burden,WR21,WR,CHI,5809,22.2,No,WR22,4962
2027 Mid 1st,,PI,,5806,,,,5433
Brian Thomas Jr.,WR22,WR,JAC,5724,23.4,No,WR21,5047
Joe Burrow,QB5,QB,CIN,5678,29.2,No,QB6,7223
Tee Higgins,WR23,WR,CIN,5662,27.1,No,WR23,4842
Chase Brown,RB15,RB,CIN,5650,25.9,No,RB15,4922
Jordyn Tyson,WR24,WR,FA,5621,-1.0,Yes,WR24,4826
Cam Skattebo,RB16,RB,NYG,5616,24.0,No,RB17,4822
Kyren Williams,RB17,RB,LAR,5612,25.5,No,RB16,4850
Harold Fannin,TE5,TE,CLE,5579,21.6,No,TE6,4883
Saquon Barkley,RB18,RB,PHI,5575,29.0,No,RB18,4767
Tucker Kraft,TE6,TE,GBP,5557,25.3,No,TE5,4907
2028 Early 1st,,PI,,5543,,,,4773
Zay Flowers,WR25,WR,BAL,5534,25.5,No,WR28,4692
2026 Mid 1st,,PI,,5532,,,,4694
Caleb Williams,QB6,QB,CHI,5515,24.3,No,QB3,7632
Jameson Williams,WR26,WR,DET,5489,24.9,No,WR26,4765
DeVonta Smith,WR27,WR,PHI,5477,27.3,No,WR25,4765
Patrick Mahomes,QB7,QB,KCC,5475,30.4,No,QB9,6597
Javonte Williams,RB19,RB,DAL,5471,25.8,No,RB19,4524
A.J. Brown,WR28,WR,PHI,5463,28.7,No,WR27,4716
2027 Late 1st,,PI,,5461,,,,4780
Jaxson Dart,QB8,QB,NYG,5453,22.8,No,QB8,6619
Jalen Hurts,QB9,QB,PHI,5442,27.6,No,QB10,6370
Jaylen Waddle,WR29,WR,MIA,5393,27.2,No,WR29,4598
Justin Herbert,QB10,QB,LAC,5382,28.0,No,QB7,6874
RJ Harvey,RB20,RB,DEN,5337,25.1,No,RB21,4482
Josh Jacobs,RB21,RB,GBP,5321,28.0,No,RB22,4449
Travis Etienne,RB22,RB,JAC,5315,27.1,No,RB20,4488
Sam LaPorta,TE7,TE,DET,5312,25.1,No,TE7,4579
Kyle Pitts,TE8,TE,ATL,5290,25.4,No,TE8,4522
2028 Mid 1st,,PI,,5201,,,,4496
2026 Late 1st,,PI,,5157,,,,4233
Bo Nix,QB11,QB,DEN,5088,26.0,No,QB12,6143
Fernando Mendoza,QB12,QB,FA,5081,-1.0,Yes,QB15,5614
Jordan Addison,WR30,WR,MIN,5035,24.1,No,WR30,4124
Oronde Gadsden,TE9,TE,LAC,5008,22.7,No,TE9,4168
Travis Hunter,WR31,WR,JAC,4914,22.8,No,WR31,4105
Kenyon Sadiq,TE10,TE,FA,4844,-1.0,Yes,TE10,4039
2028 Late 1st,,PI,,4824,,,,4045
Denzel Boston,WR32,WR,FA,4804,-1.0,Yes,WR35,3852
Ricky Pearsall,WR33,WR,SFO,4802,25.5,No,WR32,3981
Kyle Monangai,RB23,RB,CHI,4787,23.7,No,RB24,3818
Derrick Henry,RB24,RB,BAL,4761,32.1,No,RB23,3913
Alec Pierce,WR34,WR,IND,4746,25.8,No,WR33,3932
Jayden Higgins,WR35,WR,HOU,4702,23.2,No,WR38,3813
KC Concepcion,WR36,WR,FA,4698,-1.0,Yes,WR36,3848
DK Metcalf,WR37,WR,PIT,4694,28.2,No,WR37,3831
Michael Wilson,WR38,WR,ARI,4631,26.0,No,WR34,3889
Jordan Love,QB13,QB,GBP,4625,27.3,No,QB14,5655
Brock Purdy,QB14,QB,SFO,4587,26.2,No,QB13,6107
D'Andre Swift,RB25,RB,CHI,4547,27.1,No,RB25,3712
2027 Early 2nd,,PI,,4515,,,,3834
Christian Watson,WR39,WR,GBP,4509,26.8,No,WR39,3750
Davante Adams,WR40,WR,LAR,4491,33.2,No,WR40,3703
Dak Prescott,QB15,QB,DAL,4480,32.6,No,QB17,4973
Michael Pittman,WR41,WR,IND,4478,28.4,No,WR43,3597
Wan'Dale Robinson,WR42,WR,NYG,4471,25.1,No,WR42,3608
Matthew Golden,WR43,WR,GBP,4442,22.6,No,WR44,3596
Bhayshul Tuten,RB26,RB,JAC,4437,23.0,No,RB29,3484
Zach Charbonnet,RB27,RB,SEA,4408,25.1,No,RB26,3579
Xavier Worthy,WR44,WR,KCC,4404,22.8,No,WR46,3511
Parker Washington,WR45,WR,JAC,4402,23.9,No,WR41,3669
2026 Early 2nd,,PI,,4399,,,,3471
Quentin Johnston,WR46,WR,LAC,4380,24.5,No,WR45,3547
Baker Mayfield,QB16,QB,TBB,4376,30.9,No,QB19,4831
Jaylen Warren,RB28,RB,PIT,4359,27.3,No,RB28,3490
Dalton Kincaid,TE11,TE,BUF,4339,26.4,No,TE11,3575
Trevor Lawrence,QB17,QB,JAC,4327,26.4,No,QB11,6320
Blake Corum,RB29,RB,LAR,4327,25.2,No,RB27,3511
Jonah Coleman,RB30,RB,FA,4305,-1.0,Yes,RB33,3287
Trey Benson,RB31,RB,ARI,4264,23.6,No,RB30,3376
Jakobi Meyers,WR47,WR,JAC,4251,29.3,No,WR47,3459
Jake Ferguson,TE12,TE,DAL,4250,27.1,No,TE13,3425
George Kittle,TE13,TE,SFO,4240,32.4,No,TE12,3445
Woody Marks,RB32,RB,HOU,4191,25.2,No,RB31,3329
Jadarian Price,RB33,RB,FA,4166,-1.0,Yes,RB34,3262
Jayden Reed,WR48,WR,GBP,4163,25.8,No,WR50,3302
Terry McLaurin,WR49,WR,WAS,4150,30.4,No,WR48,3387
Omar Cooper Jr.,WR50,WR,FA,4147,-1.0,Yes,WR53,3233
Courtland Sutton,WR51,WR,DEN,4134,30.4,No,WR49,3325
C.J. Stroud,QB18,QB,HOU,4099,24.4,No,QB18,4878
Tyler Allgeier,RB34,RB,ATL,4077,25.9,No,RB32,3291
D.J. Moore,WR52,WR,CHI,4070,28.9,No,WR51,3284
2027 Mid 2nd,,PI,,4046,,,,3366
Rico Dowdle,RB35,RB,CAR,3939,27.7,No,RB35,3155
Brenton Strange,TE14,TE,JAC,3924,25.2,No,TE14,3283
Cam Ward,QB19,QB,TEN,3919,23.8,No,QB16,5043
Chuba Hubbard,RB36,RB,CAR,3860,26.7,No,RB36,3067
Jalen Coker,WR53,WR,CAR,3856,24.3,No,WR52,3245
Sam Darnold,QB20,QB,SEA,3851,28.7,No,QB20,4828
Josh Downs,WR54,WR,IND,3851,24.5,No,WR54,3175
Jared Goff,QB21,QB,DET,3835,31.4,No,QB21,4621
2026 Mid 2nd,,PI,,3834,,,,3049
Troy Franklin,WR55,WR,DEN,3818,23.0,No,WR56,3021
Khalil Shakir,WR56,WR,BUF,3811,26.1,No,WR55,3088
2028 Early 2nd,,PI,,3790,,,,3098
Kayshon Boutte,WR57,WR,NEP,3766,23.8,No,WR58,3003
Nicholas Singleton,RB37,RB,FA,3748,-1.0,Yes,RB40,2828
2027 Late 2nd,,PI,,3736,,,,3046
Romeo Doubs,WR58,WR,GBP,3723,25.9,No,WR59,3000
Isaiah Likely,TE15,TE,BAL,3707,25.9,No,TE15,3067
Rhamondre Stevenson,RB38,RB,NEP,3681,28.0,No,RB37,3022
Pat Bryant,WR59,WR,DEN,3681,23.2,No,WR57,3006
2026 Late 2nd,,PI,,3640,,,,2789
Jacory Croskey-Merritt,RB39,RB,WAS,3632,24.9,No,RB38,2928
David Montgomery,RB40,RB,DET,3629,28.7,No,RB42,2822
Mason Taylor,TE16,TE,NYJ,3604,21.8,No,TE17,2920
Jauan Jennings,WR60,WR,SFO,3601,28.6,No,WR60,2904
Braelon Allen,RB41,RB,NYJ,3597,22.1,No,RB39,2849
Elic Ayomanor,WR61,WR,TEN,3579,22.7,No,WR63,2843
2028 Mid 2nd,,PI,,3579,,,,2800
Rashid Shaheed,WR62,WR,SEA,3572,27.5,No,WR61,2900
Terrance Ferguson,TE17,TE,LAR,3568,23.0,No,TE18,2892
Tyjae Spears,RB42,RB,TEN,3552,24.7,No,RB41,2823
Tory Horton,WR63,WR,SEA,3545,23.2,No,WR69,2788
Chimere Dike,WR64,WR,TEN,3543,24.2,No,WR65,2826
Tre Harris,WR65,WR,LAC,3540,24.0,No,WR64,2842
Daniel Jones,QB22,QB,IND,3523,28.8,No,QB24,4037
AJ Barner,TE18,TE,SEA,3523,23.8,No,TE16,2938
Mike Evans,WR66,WR,TBB,3522,32.5,No,WR62,2896
Jaylin Noel,WR67,WR,HOU,3499,23.5,No,WR71,2770
Theo Johnson,TE19,TE,NYG,3479,25.0,No,TE19,2810
Chris Godwin,WR68,WR,TBB,3474,30.0,No,WR70,2781
Kenneth Gainwell,RB43,RB,PIT,3472,27.0,No,RB43,2783
Bryce Young,QB23,QB,CAR,3464,24.6,No,QB23,4453
Jalen McMillan,WR69,WR,TBB,3447,24.2,No,WR66,2820
Isaac TeSlaa,WR70,WR,DET,3441,24.0,No,WR67,2816
Kaleb Johnson,RB44,RB,PIT,3429,22.5,No,RB48,2721
J.K. Dobbins,RB45,RB,DEN,3415,27.2,No,RB44,2752
Kyle Williams,WR71,WR,NEP,3414,23.3,No,WR68,2791
Brandon Aiyuk,WR72,WR,SFO,3402,28.0,No,WR73,2670
Dylan Sampson,RB46,RB,CLE,3401,21.4,No,RB47,2728
Elijah Sarratt,WR73,WR,FA,3397,-1.0,Yes,WR76,2613
J.J. McCarthy,QB24,QB,MIN,3389,23.1,No,QB28,3506
Tyrone Tracy,RB47,RB,NYG,3384,26.3,No,RB46,2736
Jonathon Brooks,RB48,RB,CAR,3372,22.6,No,RB45,2736
Adonai Mitchell,WR74,WR,NYJ,3370,23.4,No,WR72,2738
Devin Neal,RB49,RB,NOS,3355,22.5,No,RB50,2658
Tony Pollard,RB50,RB,TEN,3332,28.8,No,RB49,2670
Zachariah Branch,WR75,WR,FA,3315,-1.0,Yes,WR82,2479
Matthew Stafford,QB25,QB,LAR,3313,38.0,No,QB25,3712
2028 Late 2nd,,PI,,3308,,,,2648
Kimani Vidal,RB51,RB,LAC,3296,24.5,No,RB52,2592
Stefon Diggs,WR76,WR,NEP,3279,32.2,No,WR75,2646
Michael Penix Jr.,QB26,QB,ATL,3275,25.8,No,QB27,3595
Rachaad White,RB52,RB,TBB,3266,27.1,No,RB51,2634
Ollie Gordon,RB53,RB,MIA,3259,22.1,No,RB53,2592
Kyler Murray,QB27,QB,ARI,3253,28.6,No,QB26,3614
T.J. Hockenson,TE20,TE,MIN,3250,28.6,No,TE20,2682
Jerry Jeudy,WR77,WR,CLE,3248,26.8,No,WR74,2653
Emmett Johnson,RB54,RB,FA,3241,-1.0,Yes,RB56,2504
Malachi Fields,WR78,WR,FA,3225,-1.0,Yes,WR84,2420
Ty Simpson,QB28,QB,FA,3190,-1.0,Yes,QB31,2881
Elijah Arroyo,TE21,TE,SEA,3168,22.9,No,TE22,2585
Sean Tucker,RB55,RB,TBB,3163,24.3,No,RB54,2560
David Njoku,TE22,TE,CLE,3158,29.6,No,TE21,2654
Dallas Goedert,TE23,TE,PHI,3148,31.2,No,TE23,2573
Deebo Samuel,WR79,WR,WAS,3128,30.1,No,WR77,2584
Chris Bell,WR80,WR,FA,3127,-1.0,Yes,WR91,2212
Keon Coleman,WR81,WR,BUF,3107,22.8,No,WR78,2539
Marvin Mims,WR82,WR,DEN,3102,23.9,No,WR80,2509
Tre Tucker,WR83,WR,LVR,3086,25.0,No,WR81,2508
Jordan Mason,RB56,RB,MIN,3074,26.8,No,RB57,2438
Chris Brazzell II,WR84,WR,FA,3065,-1.0,Yes,WR88,2259
Mark Andrews,TE24,TE,BAL,3065,30.5,No,TE24,2546
Jack Bech,WR85,WR,LVR,3054,23.2,No,WR79,2534
Tank Bigsby,RB57,RB,PHI,3041,24.5,No,RB55,2540
Kaytron Allen,RB58,RB,FA,2960,-1.0,Yes,RB65,2154
Tez Johnson,WR86,WR,TBB,2929,23.8,No,WR86,2306
Brashard Smith,RB59,RB,KCC,2923,22.9,No,RB62,2319
Kendre Miller,RB60,RB,NOS,2920,23.7,No,RB63,2292
Juwan Johnson,TE25,TE,NOS,2918,29.4,No,TE25,2412
Jaylen Wright,RB61,RB,MIA,2915,22.9,No,RB58,2390
Tank Dell,WR87,WR,HOU,2907,26.3,No,WR83,2428
Keaton Mitchell,RB62,RB,BAL,2874,24.1,No,RB60,2346
2026 Early 3rd,,PI,,2872,,,,2348
Eli Stowers,TE26,TE,FA,2865,-1.0,Yes,TE32,2201
Isaiah Bond,WR88,WR,CLE,2860,22.0,No,WR87,2280
Brian Robinson,RB63,RB,SFO,2847,26.9,No,RB59,2353
2027 Early 3rd,,PI,,2845,,,,2449
Hunter Henry,TE27,TE,NEP,2842,31.2,No,TE26,2399
Gunnar Helm,TE28,TE,TEN,2820,23.5,No,TE27,2380
Alvin Kamara,RB64,RB,NOS,2818,30.6,No,RB61,2338
Tyreek Hill,WR89,WR,FA,2771,32.0,No,WR85,2315
Cade Otton,TE29,TE,TBB,2756,26.9,No,TE29,2341
Mike Washington Jr.,RB65,RB,FA,2749,-1.0,Yes,RB75,1950
Michael Mayer,TE30,TE,LVR,2746,24.6,No,TE30,2329
Dontayvion Wicks,WR90,WR,GBP,2743,24.7,No,WR89,2234
Dalton Schultz,TE31,TE,HOU,2736,29.6,No,TE28,2354
Xavier Legette,WR91,WR,CAR,2734,25.1,No,WR92,2199
Ja'Kobi Lane,WR92,WR,FA,2722,-1.0,Yes,WR100,1930
Isaiah Davis,RB66,RB,NYJ,2699,24.0,No,RB68,2147
Germie Bernard,WR93,WR,FA,2693,-1.0,Yes,WR99,1961
Demario Douglas,WR94,WR,NEP,2691,25.2,No,WR90,2226
2027 Mid 3rd,,PI,,2690,,,,2298
2026 Mid 3rd,,PI,,2670,,,,2170
Cedric Tillman,WR95,WR,CLE,2668,25.8,No,WR95,2117
Malik Washington,WR96,WR,MIA,2666,25.1,No,WR93,2176
Isiah Pacheco,RB67,RB,KCC,2658,27.0,No,RB67,2148
2028 Early 3rd,,PI,,2625,,,,2133
Jaydon Blue,RB68,RB,DAL,2613,22.1,No,RB66,2150
Aaron Jones,RB69,RB,MIN,2612,31.2,No,RB64,2204
Chris Rodriguez,RB70,RB,WAS,2595,25.4,No,RB69,2105
Chigoziem Okonkwo,TE32,TE,TEN,2589,26.5,No,TE33,2187
Jake Tonges,TE33,TE,SFO,2563,26.6,No,TE31,2256
Emanuel Wilson,RB71,RB,GBP,2557,26.8,No,RB70,2097
Dont'e Thornton,WR97,WR,LVR,2551,23.2,No,WR94,2144
Tyler Shough,QB29,QB,NOS,2539,26.4,No,QB22,4613
Rashod Bateman,WR98,WR,BAL,2522,26.2,No,WR96,2031
2027 Late 3rd,,PI,,2515,,,,2167
Trinidad Chambliss,QB30,QB,FA,2514,-1.0,Yes,QB36,2409
2026 Late 3rd,,PI,,2505,,,,2123
Darnell Mooney,WR99,WR,ATL,2496,28.3,No,WR97,2017
Pat Freiermuth,TE34,TE,PIT,2494,27.3,No,TE37,2071
Ja'Tavion Sanders,TE35,TE,CAR,2490,22.9,No,TE38,2061
Cole Kmet,TE36,TE,CHI,2487,27.0,No,TE36,2101
Trevor Etienne,RB72,RB,CAR,2480,21.6,No,RB71,2067
DJ Giddens,RB73,RB,IND,2475,22.5,No,RB72,2047
James Conner,RB74,RB,ARI,2473,30.8,No,RB73,2045
Max Klare,TE37,TE,FA,2471,-1.0,Yes,TE43,1887
Ben Sinnott,TE38,TE,WAS,2449,23.7,No,TE34,2145
Jalen Milroe,QB31,QB,SEA,2448,23.2,No,QB37,2400
Antonio Williams,WR101,WR,FA,2426,-1.0,Yes,WR102,1913
Skyler Bell,WR100,WR,FA,2426,-1.0,Yes,WR104,1911
Travis Kelce,TE39,TE,KCC,2416,36.4,No,TE39,1967
Ray Davis,RB75,RB,BUF,2412,26.3,No,RB74,1971
Justin Fields,QB32,QB,NYJ,2400,27.0,No,QB39,2093
Colby Parkinson,TE40,TE,LAR,2368,27.1,No,TE35,2124
Michael Trigg,TE41,TE,FA,2355,-1.0,Yes,TE40,1903
2028 Mid 3rd,,PI,,2354,,,,2038
Darnell Washington,TE42,TE,PIT,2300,24.5,No,TE42,1889
Jaylin Lane,WR102,WR,WAS,2294,23.8,No,WR101,1924
Christian Kirk,WR103,WR,HOU,2280,29.3,No,WR98,2001
Tua Tagovailoa,QB33,QB,MIA,2277,28.0,No,QB33,2670
Luke McCaffrey,WR104,WR,WAS,2273,24.9,No,WR106,1866
John Metchie,WR105,WR,NYJ,2259,25.6,No,WR107,1842
LeQuint Allen,RB76,RB,JAC,2228,21.6,No,RB77,1848
Ryan Flournoy,WR106,WR,DAL,2224,26.3,No,WR103,1912
Najee Harris,RB77,RB,LAC,2219,28.0,No,RB76,1855
Xavier Hutchinson,WR107,WR,HOU,2203,25.7,No,WR105,1878
Ted Hurst,WR108,WR,FA,2199,-1.0,Yes,WR113,1728
2028 Late 3rd,,PI,,2194,,,,1887
Luke Musgrave,TE43,TE,GBP,2186,25.5,No,TE44,1886
Shedeur Sanders,QB34,QB,CLE,2154,24.0,No,QB32,2849
Jalen Nailor,WR109,WR,MIN,2151,27.0,No,WR108,1815
Tahj Brooks,RB78,RB,CIN,2149,23.8,No,RB80,1754
Jalen Royals,WR110,WR,KCC,2145,23.0,No,WR110,1783
Evan Engram,TE44,TE,DEN,2139,31.5,No,TE41,1901
Mac Jones,QB35,QB,SFO,2136,27.5,No,QB30,2912
Noah Gray,TE45,TE,KCC,2134,26.8,No,TE45,1882
Demond Claiborne,RB79,RB,FA,2132,-1.0,Yes,RB82,1732
Tyquan Thornton,WR111,WR,KCC,2119,25.6,No,WR116,1706
Roman Wilson,WR112,WR,PIT,2111,24.7,No,WR115,1715
Jordan James,RB80,RB,SFO,2102,21.9,No,RB79,1778
Audric Estime,RB81,RB,NOS,2097,22.5,No,RB78,1824
Jack Endries,TE46,TE,FA,2093,-1.0,Yes,TE46,1662
Anthony Richardson,QB36,QB,IND,2092,23.8,No,QB34,2512
Keenan Allen,WR113,WR,LAC,2078,33.8,No,WR111,1761
2026 Early 4th,,PI,,2074,,,,1767
Andrei Iosivas,WR114,WR,CIN,2073,26.4,No,WR114,1715
Kevin Coleman,WR115,WR,FA,2067,-1.0,Yes,WR118,1691
Marquise Brown,WR116,WR,KCC,2064,28.7,No,WR112,1753
Calvin Austin III,WR117,WR,PIT,2045,26.9,No,WR119,1686
MarShawn Lloyd,RB82,RB,GBP,2045,25.1,No,RB83,1670
Bam Knight,RB83,RB,ARI,2043,24.9,No,RB85,1651
Will Shipley,RB84,RB,PHI,2036,23.5,No,RB81,1750
2027 Early 4th,,PI,,2035,,,,1823
Savion Williams,WR118,WR,GBP,2027,24.3,No,WR124,1602
Jarquez Hunter,RB85,RB,LAR,2025,23.2,No,RB84,1656
Devaughn Vele,WR119,WR,NOS,1994,28.2,No,WR109,1784
Darius Slayton,WR120,WR,NYG,1988,29.1,No,WR125,1591
Jimmy Horn,WR121,WR,CAR,1985,23.4,No,WR122,1631
Calvin Ridley,WR122,WR,TEN,1984,31.2,No,WR117,1698
Jordan Whittington,WR123,WR,LAR,1940,25.4,No,WR123,1603
2026 Mid 4th,,PI,,1926,,,,1608
2027 Mid 4th,,PI,,1912,,,,1686
Dawson Knox,TE47,TE,BUF,1898,29.3,No,TE47,1603
Jaleel McLaughlin,RB86,RB,DEN,1895,25.4,No,RB87,1576
Isaac Guerendo,RB87,RB,SFO,1892,25.7,No,RB88,1546
Cooper Kupp,WR124,WR,SEA,1889,32.7,No,WR121,1647
Joe Mixon,RB88,RB,HOU,1880,29.6,No,RB86,1620
KeAndre Lambert-Smith,WR125,WR,LAC,1859,24.4,No,WR120,1649
Jonnu Smith,TE48,TE,PIT,1858,30.5,No,TE48,1590
CJ Daniels,WR126,WR,FA,1852,-1.0,Yes,WR133,1429
Devin Singletary,RB89,RB,NYG,1838,28.5,No,RB90,1527
Seth McGowan,RB90,RB,FA,1831,-1.0,Yes,RB95,1397
2026 Late 4th,,PI,,1823,,,,1547
Jerome Ford,RB91,RB,CLE,1811,26.4,No,RB91,1470
2028 Early 4th,,PI,,1805,,,,1608
Joshua Palmer,WR127,WR,BUF,1798,26.4,No,WR126,1490
2027 Late 4th,,PI,,1793,,,,1529
Jahan Dotson,WR128,WR,PHI,1792,25.9,No,WR129,1473
Michael Carter,RB92,RB,ARI,1767,26.8,No,RB89,1544
Xavier Restrepo,WR129,WR,TEN,1752,23.9,No,WR127,1486
Ty Johnson,RB93,RB,BUF,1751,28.4,No,RB93,1444
Treylon Burks,WR130,WR,WAS,1749,25.9,No,WR130,1471
Kendrick Bourne,WR131,WR,SFO,1745,30.6,No,WR128,1474
Malik Davis,RB94,RB,DAL,1744,27.2,No,RB92,1468
Dillon Gabriel,QB37,QB,CLE,1724,25.2,No,QB47,1619
Kareem Hunt,RB95,RB,KCC,1718,30.6,No,RB96,1393
Deion Burks,WR132,WR,FA,1716,-1.0,Yes,WR135,1398
Efton Chism,WR133,WR,NEP,1707,24.3,No,WR132,1432
Tommy Tremble,TE49,TE,CAR,1700,25.7,No,TE50,1392
Jalen Tolbert,WR134,WR,DAL,1695,27.0,No,WR136,1396
Barion Brown,WR135,WR,FA,1686,-1.0,Yes,WR137,1368
Garrett Nussmeier,QB38,QB,FA,1671,-1.0,Yes,QB40,1965
Mike Gesicki,TE50,TE,CIN,1659,30.4,No,TE49,1434
Le'Veon Moss,RB96,RB,FA,1659,-1.0,Yes,RB97,1347
Konata Mumpfield,WR136,WR,LAR,1655,23.3,No,WR131,1450
2028 Mid 4th,,PI,,1652,,,,1532
Noah Fant,TE51,TE,CIN,1646,28.3,No,TE53,1327
Emari Demercado,RB97,RB,ARI,1641,27.1,No,RB100,1304
Jam Miller,RB98,RB,FA,1628,-1.0,Yes,RB98,1318
Raheim Sanders,RB99,RB,CLE,1610,23.7,No,RB94,1415
Ja'Lynn Polk,WR137,WR,NOS,1602,23.9,No,WR134,1421
J'Mari Taylor,RB100,RB,FA,1601,-1.0,Yes,RB99,1312
Tutu Atwell,WR138,WR,LAR,1594,26.4,No,WR138,1351
Dyami Brown,WR139,WR,JAC,1593,26.3,No,WR141,1259
Daniel Bellinger,TE52,TE,NYG,1588,25.4,No,TE52,1339
Cade Stover,TE53,TE,HOU,1577,25.7,No,TE54,1323
Greg Dulcich,TE54,TE,MIA,1562,25.9,No,TE51,1361
Devontez Walker,WR140,WR,BAL,1562,24.7,No,WR139,1339
Roschon Johnson,RB101,RB,CHI,1552,25.1,No,RB101,1278
Olamide Zaccheaus,WR141,WR,CHI,1530,28.6,No,WR140,1262
Justice Hill,RB102,RB,BAL,1526,28.3,No,RB102,1254
2028 Late 4th,,PI,,1510,,,,1311
Jalin Hyatt,WR142,WR,NYG,1509,24.4,No,WR146,1215
Aaron Rodgers,QB39,QB,PIT,1503,42.2,No,QB46,1708
Tyrell Shavers,WR143,WR,BUF,1499,26.5,No,WR144,1237
Joe Milton,QB40,QB,DAL,1489,26.0,No,QB43,1802
KaVontae Turpin,WR144,WR,DAL,1488,29.6,No,WR142,1245
Greg Dortch,WR145,WR,ARI,1463,27.8,No,WR145,1231
Erick All,TE55,TE,CIN,1463,25.4,No,TE56,1176
Trey Palmer,WR146,WR,NOS,1455,24.9,No,WR150,1140
Quinn Ewers,QB41,QB,MIA,1451,22.8,No,QB38,2271
Terion Stewart,RB103,RB,FA,1450,-1.0,Yes,RB127,862
Kalel Mullings,RB104,RB,TEN,1449,23.4,No,RB106,1127
Reggie Virgil,WR147,WR,FA,1443,-1.0,Yes,WR143,1245
Phil Mafah,RB105,RB,DAL,1431,23.3,No,RB103,1183
Kameron Johnson,WR148,WR,TBB,1421,24.0,No,WR149,1155
Geno Smith,QB42,QB,LVR,1412,35.4,No,QB51,1467
Darren Waller,TE56,TE,MIA,1411,33.4,No,TE55,1211
Tahj Washington,WR149,WR,MIA,1396,24.8,No,WR147,1200
Will Howard,QB43,QB,PIT,1384,24.4,No,QB41,1924
Malik Willis,QB44,QB,GBP,1372,26.8,No,QB29,3446
Malachi Corley,WR150,WR,CLE,1372,23.9,No,WR148,1158
Damien Martinez,RB106,RB,GBP,1361,22.1,No,RB105,1158
Spencer Rattler,QB45,QB,NOS,1356,25.4,No,QB44,1751
Gabriel Davis,WR151,WR,BUF,1351,26.9,No,WR154,1115
Tai Felton,WR152,WR,MIN,1338,23.0,No,WR151,1131
Tyler Goodson,RB107,RB,IND,1336,25.3,No,RB107,1096
Davis Allen,TE57,TE,LAR,1335,25.1,No,TE61,1077
Rasheen Ali,RB108,RB,BAL,1329,25.0,No,RB104,1159
Jordan Watkins,WR153,WR,SFO,1328,24.0,No,WR153,1119
Mack Hollins,WR154,WR,NEP,1323,32.4,No,WR152,1120
Elijah Moore,WR155,WR,DEN,1316,25.9,No,WR155,1093
Luke Schoonmaker,TE58,TE,DAL,1303,27.4,No,TE57,1153
Chris Brooks,RB109,RB,GBP,1300,26.1,No,RB110,1065
Dameon Pierce,RB110,RB,KCC,1297,26.0,No,RB108,1080
Tyler Badie,RB111,RB,DEN,1295,26.0,No,RB111,1058
Elijah Higgins,TE59,TE,ARI,1290,25.3,No,TE60,1102
Tyler Higbee,TE60,TE,LAR,1286,33.2,No,TE58,1152
Lil'Jordan Humphrey,WR156,WR,DEN,1249,27.8,No,WR160,1036
Nick Chubb,RB112,RB,HOU,1241,30.2,No,RB109,1067
Arian Smith,WR157,WR,NYJ,1224,24.4,No,WR157,1064
Donovan Edwards,RB113,RB,MIA,1223,23.0,No,RB113,1009
Zach Ertz,TE61,TE,WAS,1215,35.3,No,TE65,911
Mitchell Evans,TE62,TE,CAR,1212,22.9,No,TE59,1117
Jacoby Brissett,QB46,QB,ARI,1209,33.2,No,QB35,2483
Jonathan Mingo,WR158,WR,DAL,1209,24.8,No,WR156,1086
Hassan Haskins,RB114,RB,LAC,1203,26.2,No,RB112,1048
Jacob Cowing,WR159,WR,SFO,1200,25.1,No,WR158,1058
Isaiah Hodgins,WR160,WR,NYG,1194,27.4,No,WR161,1030
Cade Klubnik,QB47,QB,FA,1191,-1.0,Yes,QB62,986
Javon Baker,WR161,WR,SFO,1182,24.0,No,WR163,1008
Terrell Jennings,RB115,RB,NEP,1158,25.0,No,RB116,974
Bo Melton,WR162,WR,GBP,1149,26.2,No,WR162,1025
Jake Bobo,WR163,WR,SEA,1141,27.6,No,WR159,1038
Luke Altmyer,QB48,QB,FA,1139,-1.0,Yes,QB52,1325
Skyy Moore,WR164,WR,SFO,1133,25.5,No,WR167,944
Mason Tipton,WR165,WR,NOS,1131,25.4,No,WR164,984
Jameis Winston,QB49,QB,NYG,1124,32.1,No,QB48,1577
Jeremy McNichols,RB116,RB,WAS,1123,30.2,No,RB114,1004
Brock Wright,TE63,TE,DET,1121,27.2,No,TE62,1022
Rondale Moore,WR166,WR,MIN,1116,25.7,No,WR165,947
Israel Abanikanda,RB117,RB,DAL,1115,23.4,No,RB115,994
Tyler Johnson,WR167,WR,NYJ,1114,27.5,No,WR171,923
Brevin Jordan,TE64,TE,HOU,1110,25.6,No,TE64,976
JuJu Smith-Schuster,WR168,WR,KCC,1108,29.3,No,WR169,938
Nick Westbrook-Ikhine,WR169,WR,FA,1094,28.9,No,WR168,942
Joe Flacco,QB50,QB,CIN,1092,41.1,No,QB63,969
Jared Wiley,TE65,TE,KCC,1090,25.3,No,TE63,1000
Samaje Perine,RB118,RB,CIN,1086,30.4,No,RB117,953
George Holani,RB119,RB,SEA,1081,26.2,No,RB122,906
Marcus Mariota,QB51,QB,WAS,1076,32.3,No,QB50,1559
Deuce Vaughn,RB120,RB,DEN,1056,24.3,No,RB123,904
Jamari Thrash,WR170,WR,CLE,1050,25.2,No,WR170,934
Ainias Smith,WR171,WR,CAR,1048,24.7,No,WR175,874
Miles Sanders,RB121,RB,DAL,1035,28.8,No,RB121,907
DeAndre Hopkins,WR172,WR,BAL,1035,33.7,No,WR173,887
Antonio Gibson,RB122,RB,FA,1033,27.7,No,RB120,912
Frank Gore Jr.,RB123,RB,BUF,1033,24.0,No,RB125,885
Curtis Samuel,WR173,WR,BUF,1031,29.5,No,WR174,880
Jeremy Ruckert,TE66,TE,NYJ,1026,25.5,No,TE67,885
Riley Leonard,QB52,QB,IND,1018,23.4,No,QB42,1856
Tyler Scott,WR174,WR,LAR,1018,24.4,No,WR166,945
Will Dissly,TE67,TE,LAC,1010,29.6,No,TE66,896
Cam Akers,RB124,RB,SEA,1005,26.7,No,RB128,861
Demarcus Robinson,WR175,WR,SFO,1003,31.4,No,WR172,909
Zavier Scott,RB125,RB,MIN,1002,26.6,No,RB119,919
Bub Means,WR176,WR,NOS,1002,25.1,No,WR178,850
Ty Chandler,RB126,RB,MIN,991,27.8,No,RB124,898
Zamir White,RB127,RB,LVR,988,26.4,No,RB129,852
Xavier Gipson,WR177,WR,NYG,976,25.0,No,WR176,873
Elijah Mitchell,RB128,RB,NEP,963,27.8,No,RB126,866
AJ Dillon,RB129,RB,PHI,959,27.8,No,RB131,794
Sterling Shepard,WR178,WR,TBB,959,33.0,No,WR181,788
Noah Brown,WR179,WR,WAS,955,30.1,No,WR177,854
Jermaine Burton,WR180,WR,FA,950,24.7,No,WR185,764
Johnny Wilson,WR181,WR,PHI,941,24.9,No,WR179,842
Grant Calcaterra,TE68,TE,PHI,933,27.2,No,TE68,841
Brenden Rice,WR182,WR,LVR,932,23.9,No,WR180,839
Khalil Herbert,RB130,RB,NYJ,927,27.8,No,RB130,843
Kirk Cousins,QB53,QB,ATL,924,37.5,No,QB45,1709
Sione Vaki,RB131,RB,DET,924,24.6,No,RB134,762
Zay Jones,WR183,WR,ARI,908,30.9,No,WR184,765
Tylan Wallace,WR184,WR,BAL,905,26.8,No,WR182,785
Jawhar Jordan,RB132,RB,HOU,902,26.5,No,RB118,933
Julius Chestnut,RB133,RB,TEN,889,25.3,No,RB133,772
Kendall Milton,RB134,RB,CIN,886,24.0,No,RB132,792
Josh Oliver,TE69,TE,MIN,879,28.9,No,TE70,804
Malik Heath,WR186,WR,ATL,869,26.0,No,WR183,777
Alexander Mattison,RB135,RB,MIA,861,27.7,No,RB135,749
LaJohntay Wester,WR187,WR,BAL,855,23.9,No,WR186,742
Van Jefferson,WR188,WR,TEN,850,29.6,No,WR188,721
Jake Browning,QB54,QB,CIN,838,29.9,No,QB67,823
Charlie Kolar,TE71,TE,BAL,825,27.0,No,TE69,837
Trey Lance,QB55,QB,LAC,818,25.8,No,QB53,1231
Tyler Conklin,TE72,TE,LAC,805,30.6,No,TE72,726
Tim Patrick,WR190,WR,JAC,779,32.3,No,WR187,724
Taysom Hill,TE75,TE,NOS,734,35.5,No,TE71,736
Sam Howell,QB56,QB,PHI,713,25.4,No,QB60,1048
Kenny Pickett,QB57,QB,LVR,688,27.7,No,QB59,1114
Zach Wilson,QB58,QB,MIA,645,26.6,No,QB58,1117
Tyler Huntley,QB60,QB,BAL,611,28.1,No,QB57,1132
Aidan O'Connell,QB61,QB,LVR,521,27.5,No,QB61,1006
Will Levis,QB62,QB,TEN,518,26.7,No,QB54,1226
Tanner McKee,QB63,QB,PHI,458,25.8,No,QB55,1223
Mason Rudolph,QB64,QB,PIT,405,30.6,No,QB66,932
Drew Lock,QB65,QB,SEA,395,29.3,No,QB65,933
Gardner Minshew,QB71,QB,KCC,369,29.8,No,QB64,968
Tyson Bagent,QB78,QB,CHI,253,25.7,No,QB56,1176
Davis Mills,QB81,QB,HOU,245,27.4,No,QB49,1565
Tyrod Taylor,QB82,QB,NYJ,236,36.6,No,QB68,815
Max Brosmer,QB106,QB,MIN,49,24.9,No,QB69,787
